1_V350367988,Dfun01_V350367988
2_V350367988,Dfun02_V350367988
2_V350396771,Dfun02_V350396771
3_V350367988,Dfun03_V350367988
4_V350367982,Dfun04_V350367982
6_V350367988,Dfun06_V350367988
7_V350367982,Dfun07_V350367982
8_V350367982,Dfun08_V350367982
9_V350367982,Dfun09_V350367982
10_V,Drep10_V
11_V,Drep11_V
12_V,Dimm12_V
13_V,Dimm13_V
14_V,Dimm14_V
15_V,Dimm15_V
16_V,Dimm16_V
17_V,Dimm17_V
18_V,Dbus18_V
19_V,Dbus19_V
20_V,Dbus20_V
21_V,Dfun21_V
22_V,Dfun22_V
23_V,Dfun23_V
24_V,Drep24_V
25_V,Drep25_V
26_V,Drep26_V
27_V,Drep27_V
28_V,Drep28_V
29_V,Dimm29_V
30_V,Dimm30_V
31_V,Dimm31_V
32_V,Dimm32_V
33_V,Dbus33_V
34_V,Dbus34_V
35_V,Dbus35_V
36_V,Dbus36_V
37_V,Dbus37_V
38_V,Dbus38_V
39_V,Dbus39_V