347127,Dsim06_Smithsonian_347127
347128,Dsim20_Smithsonian_347128
347129,Dsim05_Smithsonian_347129
347130,Dsim19_Smithsonian_347130
347131,Dsim05_Smithsonian_347131
347132,Dsim20_Smithsonian_347132
347133,Dsim13_Smithsonian_347133
347134,Dsim10_Smithsonian_347134
347135,Dsim13_Smithsonian_347135
347136,Dsim19_Smithsonian_347136
347137,Dsim06_Smithsonian_347137
347138,Dsim19_Smithsonian_347138
347139,Dsim18_Smithsonian_347139
347140,Dsim05_Smithsonian_347140
347141,Dsim04_Smithsonian_347141
347142,Dsim04_Smithsonian_347142
347143,Dsim17_Smithsonian_347143
347144,Dsim02_Smithsonian_347144
347145,Dsim13_Smithsonian_347145
347146,Dsim12_Smithsonian_347146
347147,Dsim17_Smithsonian_347147
347148,Dsim06_Smithsonian_347148
347149,Dsim12_Smithsonian_347149
347150,Dsim17_Smithsonian_347150
347151,Dsim12_Smithsonian_347151
347152,Dsim07_Smithsonian_347152
347153,Dsim20_Smithsonian_347153
347154,Dsim11_Smithsonian_347154
347155,Dsim18_Smithsonian_347155
347156,Dsim07_Smithsonian_347156
347157,Dsim02_Smithsonian_347157
347158,Dsim09_Smithsonian_347158
347159,Dsim01_Smithsonian_347159
347160,Dsim03_Smithsonian_347160
347161,Dsim10_Smithsonian_347161
347162,Dsim18_Smithsonian_347162
347163,Dsim03_Smithsonian_347163
347164,Dsim11_Smithsonian_347164
347165,Dsim08_Smithsonian_347165
347166,Dsim09_Smithsonian_347166
347167,Dsim08_Smithsonian_347167
347168,Dsim03_Smithsonian_347168
347169,Dsim07_Smithsonian_347169
347170,Dsim01_Smithsonian_347170
347171,Dsim11_Smithsonian_347171
347172,Dsim01_Smithsonian_347172
347173,Dsim08_Smithsonian_347173
347174,Dsim09_Smithsonian_347174
347175,Dsim04_Smithsonian_347175
347176,Dsim02_Smithsonian_347176
347177,Dsim10_Smithsonian_347177